<table name="antispam_log">
	<column name="wr_id" type="number" size="255" primary_key="primary_key" auto_increment="auto_increment"/>
	<column name="wr_num" type="number" size="11"/>
	<column name="wr_reply" type="varchar" size="10"/>
	<column name="wr_parent" type="number" size="11"/>
	<column name="wr_is_comment" type="number" size="4"/>
	<column name="wr_comment" type="number" size="11"/>
	<column name="wr_comment_reply" type="varchar" size="5"/>
	<column name="ca_name" type="varchar" size="255"/>
	<column name="wr_option" type="varchar" size="255"/>
	<column name="wr_subject" type="varchar" size="255"/>
	<column name="wr_content" type="text"/>
	<column name="wr_link1" type="text" />
	<column name="wr_link2" type="text" />
	<column name="wr_link1_hit" type="number" size="11"/>
	<column name="wr_link2_hit" type="number" size="11"/>
	<column name="wr_trackback" type="varchar" size="255"/>
	<column name="wr_hit" type="number" size="11"/>
	<column name="wr_good" type="number" size="11"/>
	<column name="wr_nogood" type="number" size="11"/>
	<column name="mb_id" type="varchar" size="255"/>
	<column name="wr_password" type="varchar" size="255"/>
	<column name="wr_name" type="varchar" size="255"/>
	<column name="wr_email" type="varchar" size="255"/>
	<column name="wr_homepage" type="varchar" size="255"/>
	<column name="wr_datetime" type="varchar" size="19"/>
	<column name="wr_last" type="varchar" size="19"/>
	<column name="wr_ip" type="varchar" size="255"/>
	<column name="wr_1" type="varchar" size="255"/>
	<column name="wr_2" type="varchar" size="255"/>
	<column name="wr_3" type="varchar" size="255"/>
	<column name="wr_4" type="varchar" size="255"/>
	<column name="wr_5" type="varchar" size="255"/>
	<column name="wr_6" type="varchar" size="255"/>
	<column name="wr_7" type="varchar" size="255"/>
	<column name="wr_8" type="varchar" size="255"/>
	<column name="wr_9" type="varchar" size="255"/>
	<column name="wr_10" type="varchar" size="255"/>
	<column name="spam_score" type="number" size="11"/>
	<column name="spam_type" type="varchar" size="20"/>
	<column name="spam_config_exception_word" type="text"/>
	<column name="board" type="varchar" size="255"/>
</table>
