<query id="getStore" action="select">
    <tables>
        <table name="antispam_store" />
    </tables>
    <columns>
        <column name="*" />
    </columns>
	<conditions>
		<condition operation="equal" column="board" var="board" />
		<group pipe="and">
		<condition operation="equal" column="wr_id" var="wr_id" pipe="and" />
		<condition operation="like" column="wr_content" var="wr_content" pipe="and" />
		<condition operation="like" column="mb_id" var="mb_id" pipe="and" />
		<condition operation="more" column="wr_datetime" var="wr_datetime_more" pipe="and" />
		<condition operation="less" column="wr_datetime" var="wr_datetime_less" pipe="and" />
		<condition operation="like" column="wr_ip" var="wr_ip" pipe="and" />
		<condition operation="more" column="spam_score" var="spam_score_more" pipe="and" />
		<condition operation="less" column="spam_score" var="spam_score_less" pipe="and" />
		</group>
	</conditions>
	<navigation>
		<index var="list_order" default="wr_datetime" order="desc" />
		<list_count var="list_count" default="3" />
	    <page_count var="page_count" default="3" />
	    <page var="page" default="1" />
	</navigation>
</query>
