<query id="insertAdmConfig" action="insert">
    <tables>
        <table name="antispam_adm_config" />
    </tables>
    <columns>
		<column name="use_antispam" var="use_antispam" />
        <column name="score_antispam" var="score_antispam" />
        <column name="use_block_member" var="use_block_member" />
		<column name="use_block_ip" var="use_block_ip" />
        <column name="score_block_member" var="score_block_member" />
		<column name="score_block_ip" var="score_block_ip" />
	    <column name="date_block_member" var="date_block_member" />
		<column name="date_block_ip" var="date_block_ip" />
        <column name="exception_word_list" var="exception_word_list" />
        <column name="regdate" default="curdate()" />
		<column name="phone1" var="phone1" />
		<column name="phone2" var="phone2" />
		<column name="phone3" var="phone3" />
		<column name="mail1" var="mail1" />
		<column name="mail2" var="mail2" />
		<column name="mail3" var="mail3" />
    </columns>
</query>